1bfzgu8bOVOdOsAvBT_1SUEMC3UkpSo0,2024 Spring ConFest_Data Map
13H_J83jG3tNpY9EGAm74PgF7D4f3jPU,2025 Autumn ConFest_Cooking Circles Map
1odHKLQdYscirAKGyCeT4jNl87zrjdH0,2025 Autumn ConFest_Planning Map
1AK7SUnimNfxwFxH0EunBBPu7gQiuE1U,2025 Autumn ConFest_Villages Map
14kEBBboCjKIE4e56he0CZaFsO4_erxk,2025 Spring ConFest_Planning Map
1XvMUgQ2RYTYEBPZocSsinkUczbMmYYg,2025 Spring ConFest_Villages Map
1u1IwWCMVuQnuEFEqNu8nWE6CLMKgTdU,2025 Spring ConFest_Water Map 
1K9eKbnBMP1oOUZxKh9meZFB5juh2AKQ,2023-2024_ConFest Water Map
1YoKkSgVyrLDoc4TaGaCVRdRT3sbYvNU,2024-2025_ConFest Live Map
1LVqpLtb1KHu_DPkyHWOKIvolkm2ok7E,2026_Markets Site Exclusion Plots
1l92XSUGu53rUPI5loQ12eOQ5qyx33MI,2026_VaAS existing potential locations
1VY8U6A0SobiorcYlzqD1WL8r3_WXufQ,RMW_027_CEA_WGS84.KMZ
1AH1h4rOUgwGm-jF6rBSdNS8p5Op1NV8,old?_Gates, Bus Stops & Beach Names
